{
  "Component.js.map": 1682449841171,
  "test/integration/opaTests.qunit.js": 1682443965762,
  "test/integration/pages/bookList.js": 1682443965774,
  "test/integration/pages/bookObjectPage.js": 1682443965774,
  "test/integration/FirstJourney.js": 1682443965774,
  "test/testsuite.qunit.js": 1682443965758,
  "xs-app.json": 1682449819332,
  "manifest.json": 1682449819332,
  "Component.js": 1682443965750,
  "test/testsuite.qunit-dbg.js": 1682443965758,
  "test/testsuite.qunit.js.map": 1682449841217,
  "test/integration/pages/bookList-dbg.js": 1682443965774,
  "test/integration/pages/bookList.js.map": 1682449841166,
  "test/integration/pages/bookObjectPage-dbg.js": 1682443965774,
  "test/integration/pages/bookObjectPage.js.map": 1682449841154,
  "test/integration/FirstJourney-dbg.js": 1682443965774,
  "test/integration/FirstJourney.js.map": 1682449841215,
  "test/integration/opaTests.qunit-dbg.js": 1682443965762,
  "test/integration/opaTests.qunit.js.map": 1682449841176,
  "Component-dbg.js": 1682443965750,
  "i18n/i18n.properties": 1682443980863,
  "Component-preload.js": 1682449841398,
  "Component-preload.js.map": 1682449841398,
  "test/integration/opaTests.qunit.html": 1682443965762,
  "test/testsuite.qunit.html": 1682443965758,
  "test/flpSandbox.html": 1682443965758,
  "localService/metadata.xml": 1682443965758,
  "index.html": 1682443965750
}