<?xml version="1.0" encoding="utf-8"?>
<edmx:Edmx Version="4.0" xmlns:edmx="http://docs.oasis-open.org/odata/ns/edmx">
    <edmx:Reference Uri="https://sap.github.io/odata-vocabularies/vocabularies/Common.xml">
        <edmx:Include Alias="Common" Namespace="com.sap.vocabularies.Common.v1"/>
    </edmx:Reference>
    <edmx:Reference Uri="https://oasis-tcs.github.io/odata-vocabularies/vocabularies/Org.OData.Core.V1.xml">
        <edmx:Include Alias="Core" Namespace="Org.OData.Core.V1"/>
    </edmx:Reference>
    <edmx:DataServices>
        <Schema Namespace="bookstoreService" xmlns="http://docs.oasis-open.org/odata/ns/edm">
            <EntityContainer Name="EntityContainer">
                <EntitySet Name="book" EntityType="bookstoreService.book">
                    <NavigationPropertyBinding Path="to_publisher" Target="publisher"/>
                    <NavigationPropertyBinding Path="to_author" Target="author"/>
                    <NavigationPropertyBinding Path="to_pricing" Target="pricing"/>
                    <NavigationPropertyBinding Path="to_series" Target="series"/>
                </EntitySet>
                <EntitySet Name="publisher" EntityType="bookstoreService.publisher"/>
                <EntitySet Name="author" EntityType="bookstoreService.author"/>
                <EntitySet Name="series" EntityType="bookstoreService.series"/>
                <EntitySet Name="pricing" EntityType="bookstoreService.pricing"/>
            </EntityContainer>
            <EntityType Name="book">
                <Key>
                    <PropertyRef Name="ID"/>
                </Key>
                <Property Name="ID" Type="Edm.Guid" Nullable="false"/>
                <Property Name="title" Type="Edm.String" MaxLength="30"/>
                <Property Name="datePublished" Type="Edm.Date"/>
                <Property Name="genre" Type="Edm.String" MaxLength="20"/>
                <NavigationProperty Name="to_publisher" Type="bookstoreService.publisher">
                    <ReferentialConstraint Property="to_publisher_publisherID" ReferencedProperty="publisherID"/>
                </NavigationProperty>
                <Property Name="to_publisher_publisherID" Type="Edm.String"/>
                <NavigationProperty Name="to_author" Type="bookstoreService.author">
                    <ReferentialConstraint Property="to_author_penName" ReferencedProperty="penName"/>
                </NavigationProperty>
                <Property Name="to_author_penName" Type="Edm.String"/>
                <NavigationProperty Name="to_pricing" Type="bookstoreService.pricing">
                    <ReferentialConstraint Property="to_pricing_ID" ReferencedProperty="ID"/>
                </NavigationProperty>
                <Property Name="to_pricing_ID" Type="Edm.Guid"/>
                <NavigationProperty Name="to_series" Type="bookstoreService.series">
                    <ReferentialConstraint Property="to_series_seriesID" ReferencedProperty="seriesID"/>
                    <ReferentialConstraint Property="to_series_title" ReferencedProperty="title"/>
                </NavigationProperty>
                <Property Name="to_series_seriesID" Type="Edm.String"/>
                <Property Name="to_series_title" Type="Edm.String"/>
            </EntityType>
            <EntityType Name="publisher">
                <Key>
                    <PropertyRef Name="publisherID"/>
                </Key>
                <Property Name="publisherID" Type="Edm.String" Nullable="false"/>
                <Property Name="yearFounded" Type="Edm.String"/>
                <Property Name="countryOrigin" Type="Edm.String"/>
            </EntityType>
            <EntityType Name="author">
                <Key>
                    <PropertyRef Name="penName"/>
                </Key>
                <Property Name="penName" Type="Edm.String" Nullable="false"/>
                <Property Name="firstName" Type="Edm.String"/>
                <Property Name="middleName" Type="Edm.String"/>
                <Property Name="lastName" Type="Edm.String"/>
                <Property Name="dob" Type="Edm.Date"/>
                <Property Name="nationality" Type="Edm.String"/>
            </EntityType>
            <EntityType Name="series">
                <Key>
                    <PropertyRef Name="seriesID"/>
                    <PropertyRef Name="title"/>
                </Key>
                <Property Name="seriesID" Type="Edm.String" Nullable="false"/>
                <Property Name="title" Type="Edm.String" Nullable="false"/>
            </EntityType>
            <EntityType Name="pricing">
                <Key>
                    <PropertyRef Name="ID"/>
                </Key>
                <Property Name="ID" Type="Edm.Guid" Nullable="false"/>
                <Property Name="price" Type="Edm.Decimal" Scale="variable"/>
            </EntityType>
            <Annotations Target="bookstoreService.book/ID">
                <Annotation Term="Core.Computed" Bool="true"/>
            </Annotations>
            <Annotations Target="bookstoreService.pricing/ID">
                <Annotation Term="Core.Computed" Bool="true"/>
            </Annotations>
        </Schema>
    </edmx:DataServices>
</edmx:Edmx>